,A,B,C,D
2022-01-01,0.23755035080767076,0.07392487941476092,0.5150418814690916,0.2027381612028557
2022-01-02,0.8060616063407005,2.034120248755571,2.909771957494694,0.6863696713128034
2022-01-03,-0.13782701731921798,3.283411930551517,1.70201328171065,2.6039264569982294
2022-01-04,0.4582819628641559,2.1727999242519553,-0.987147964269051,3.1010064617529975
2022-01-05,1.3279605316483747,2.4530488576720124,-0.0913843456409762,2.8459668586735654
2022-01-06,1.4649983000902018,4.263293798202509,0.7573797236893969,3.9632297891609136
2022-01-07,1.4578565682323363,3.2427335960165484,0.03218548043805336,4.351510341259905
2022-01-08,1.8877104544784797,2.6743941684669847,0.04064374716717984,3.678385666933626
2022-01-09,0.018799172097754058,2.5527685367107438,0.011682777993178073,4.100338203691655
2022-01-10,0.809855841740615,3.20314689138326,-1.6897104131809906,7.636962886070345
2022-01-11,1.3711123237139593,3.548957809991769,-4.086839198118273,6.8753245998596135
2022-01-12,1.7694719785242596,1.938344147771512,-3.670794392889129,7.025837948882009
2022-01-13,1.4374175309625805,2.5055365080117666,-2.6123396963655785,6.679549144459481
2022-01-14,2.4734773548698756,4.250410896389055,-1.4725471147622897,6.757536918717471
2022-01-15,1.4693290804962147,4.35541673760549,-1.2548403417565253,7.131169636010724
2022-01-16,1.4349517956538094,4.945702158418014,-2.697558126391968,7.310023657672846
2022-01-17,0.9351286941647698,5.684549633662824,-1.7795664322922211,8.912376453326216
2022-01-18,1.5797383257676734,5.761797631989073,-1.0896011870981819,10.119490256190627
2022-01-19,2.0042322183723975,6.641117245086637,-2.243884500307608,9.817755548864932
2022-01-20,3.1630202363347957,6.70247283643694,-3.4360139463792168,9.292444978815785
2022-01-21,4.46446929634485,6.08977351961149,-2.6014093770992175,10.490734556167293
2022-01-22,3.791613823833955,4.991866698662628,-2.3615396775289446,10.906162868717772
2022-01-23,6.157704393755713,5.614570050413519,-1.571893619931333,11.661003494909453
2022-01-24,8.671207602267259,6.92438579979837,-3.351848513347692,11.952872386224616
2022-01-25,8.312142753214616,7.807948190324567,-2.505764151153627,12.555097191436039
2022-01-26,7.909786800886245,6.430037698515558,-1.262604915119781,13.332878778220758
2022-01-27,8.93794343326895,5.735723963229098,-0.7786885905650764,12.49295482522935
2022-01-28,7.517205623339466,5.96404057760234,-1.5518411997141976,11.204113830862259
2022-01-29,6.9538131462211386,6.452346994938178,-3.295347995175905,12.955301040527122
2022-01-30,6.440057621295691,7.0158241834029305,-4.18976438209437,12.43384802656003
2022-01-31,8.320344685342084,6.411171555039018,-4.205477477350188,14.662809563038032
2022-02-01,7.776330666512365,6.720307017744668,-3.6412345800085664,13.91493284378952
2022-02-02,8.071142856900469,7.739556037651292,-3.5030820657807618,14.112660368382878
2022-02-03,7.557585685149591,6.489432495623909,-1.4489796899320289,14.12813217997933
2022-02-04,6.990217963443145,4.670509426224491,-1.0918595326231944,13.87924020834905
2022-02-05,6.069013833623137,5.276016324543922,0.14015191063246046,13.680651563929688
2022-02-06,6.746477929476137,6.037846383196558,0.4038184363752208,15.205420719237356
2022-02-07,5.640528425142841,3.0202823564434578,-0.8312674054157261,15.294881951740582
2022-02-08,6.964140045810394,2.2019127950856276,-0.7725390342242733,15.821753032022052
2022-02-09,6.872445379267248,1.6484135021781183,-0.3561099419497363,18.15014719367935
2022-02-10,7.189078758435276,2.2183295679912076,-0.4359762786663351,19.876254774134804
2022-02-11,7.3102707119434625,2.6699330761981073,0.08749908053804639,20.36466091420649
2022-02-12,7.287501548734036,2.6002925926251708,0.23674502524610214,19.25228083739456
2022-02-13,8.425283599745585,4.4860296118300615,-0.1086414115159306,17.802487678698455
2022-02-14,8.224963168596727,5.583882804439772,-1.3827650015276096,17.720409608680274
2022-02-15,8.879142544121224,5.150674125273226,-1.7008789373128324,18.48507509838385
2022-02-16,8.410486610908732,3.9452953338872603,-2.2673146338581356,16.64971420190585
2022-02-17,8.287489875299286,3.6610826412299877,-2.6016687630662236,16.392187049000345
2022-02-18,7.884248506621665,2.476592781908624,-4.087603902353132,16.706961760518592
2022-02-19,8.133832386500364,2.4417579643768423,-4.559432193894128,17.74649128299828
2022-02-20,8.293663626642383,2.804364202319767,-4.126173754335698,17.823869608630517
2022-02-21,8.058413406770017,3.8555917190302305,-3.9053267015954845,18.378392017697834
2022-02-22,7.929091786981103,2.992302626838711,-3.5593794507020995,18.5849469563808
2022-02-23,6.516488533710441,2.7016941272809656,-2.771684967883924,19.29042438694408
2022-02-24,9.373526737598734,3.2433245740865733,-2.2762579989372895,18.695680343550794
2022-02-25,9.522447443563209,2.9358872226086294,-2.8158663489024685,19.33790039235388
2022-02-26,9.115648138855217,3.261692174132253,-1.3277003736778352,20.406586684292343
2022-02-27,8.421262441015225,2.133783370675225,-2.6013266608087555,19.316203227489826
2022-02-28,8.164152422702275,1.0118130020834837,-4.233351152561429,19.97066630872454
2022-03-01,7.309252603328229,1.8375613531302144,-5.014813383237659,19.494530953943023
2022-03-02,7.003899553753584,0.2805383472679379,-4.115047074869374,20.579033169600105
2022-03-03,7.132568077293052,1.268697105961103,-2.9686375810348586,19.81798106943054
2022-03-04,6.41990881580219,2.097156177905018,-1.895035198420695,19.706367594582566
2022-03-05,6.766935867724921,2.5764371018812198,-2.9538574331312457,18.579337817685886
2022-03-06,5.356842266813653,4.092105861309359,-3.7879071999762606,19.775284046770352
2022-03-07,4.881605813244628,5.447152279414743,-4.018748909648755,18.115404313693567
2022-03-08,4.499274915654564,6.12571403689871,-3.8816120566147414,17.83021762800168
2022-03-09,4.750055190086019,7.508588574476195,-3.333851667600431,18.183995763432364
2022-03-10,4.862985286510564,6.044251466587115,-4.315297175993087,18.642086861439488
2022-03-11,4.863840771652247,6.507489608215398,-5.112625292691569,19.17995101057017
2022-03-12,4.915492634822336,6.651180911467312,-6.401096294261894,20.033110150954418
2022-03-13,5.721566137834431,6.58717993161773,-5.657364184202859,19.19052138429826
2022-03-14,6.3389401670800885,7.226589776766379,-5.837422460686648,17.505085634030195
2022-03-15,7.8799498343970615,8.848790812845884,-5.689540638798122,17.257517710468925
2022-03-16,7.74472782701464,9.870420343693377,-6.140858157890953,16.558872196884888
2022-03-17,9.523470583510392,10.098215140992036,-5.6050454724532965,14.508897895625248
2022-03-18,9.465270590855559,10.273776212978957,-4.516016851356836,14.068136200720938
2022-03-19,9.732444261638609,8.985683910765303,-4.239378353280478,15.311739105802435
2022-03-20,7.922675846879624,9.116481863697402,-5.672802749485172,15.772870967607556
2022-03-21,8.229344734179408,9.701953909443027,-3.8580488041408363,15.132102235440987
2022-03-22,10.37066003459738,9.811206779403566,-2.9279632961208586,15.041508160957038
2022-03-23,8.958186633768985,9.45611791845146,-2.807102067285837,13.919436293465075
2022-03-24,9.33635581327511,10.007252351400378,-1.8470077802030183,13.689174221131417
2022-03-25,8.885509554154053,9.926445466283248,-1.8548726861720448,12.702201018458076
2022-03-26,8.48552640666743,9.401024384208627,-2.244280271217531,12.752753193328406
2022-03-27,8.78450714088197,9.637753594827972,-2.2078887548672577,11.397440873311483
2022-03-28,9.57542826918892,9.733627068166925,-3.5015652909715413,12.129570141602308
2022-03-29,9.374433685214486,9.682960141423377,-2.0034672342194666,11.659219972724953
2022-03-30,8.648383297557894,10.451610305400365,-2.399786725368457,11.298475497009152
2022-03-31,7.163121304272516,8.992499947297818,-2.9856720868004762,10.637684800296618
2022-04-01,7.830526849817964,9.244151096574132,-1.9773799877933524,9.765940269305752
2022-04-02,7.815564436294981,8.541217685788848,-3.17455743649432,11.450052488949511
2022-04-03,8.450488462998587,10.17847561669026,-4.190176937802275,12.697531577691509
2022-04-04,8.086449593474567,10.290471333178239,-1.1920181301764377,13.236342731728751
2022-04-05,6.568623831797092,10.258739786974578,-1.489832335758166,13.356478696401183
2022-04-06,7.2814672203720825,9.623228587080565,-3.1663853316063726,14.901725786859167
2022-04-07,7.954847493311845,9.278262354819832,-1.6352687461821789,13.573756880458987
2022-04-08,7.765215175076609,8.161778396794235,-1.2168288564523442,12.144807308927088
2022-04-09,7.370144002069879,8.036534684658115,-0.22923673229984254,12.59207148237316
2022-04-10,6.79162570715207,8.712563071671916,0.5993044364357245,11.858006904853472
2022-04-11,6.319485234469342,9.259417184489077,1.800121945008419,10.926930517021633
2022-04-12,7.006918894548764,8.541342692348456,1.7557212244321574,10.915746312808988
2022-04-13,6.044410045331971,8.748289396386562,2.412889990755484,10.521695434799263
2022-04-14,6.0939533231652305,8.032145447101847,3.4908642606620135,10.766821635860806
2022-04-15,5.64984783261963,7.941999092638217,3.9868535716207822,13.836818469686825
2022-04-16,6.648607608791293,6.668310341336675,4.739193824449142,13.772986509184886
2022-04-17,8.453994724921435,6.471902505436641,4.654944932880941,13.120316593946216
2022-04-18,9.256039036130874,7.0631325698398495,5.134622696468398,12.124351612152358
2022-04-19,11.975687495843692,7.2705335587664255,5.369503925198968,12.148967849737362
2022-04-20,13.057369740493032,6.937175419348997,5.8419583286612164,10.844999201679197
2022-04-21,13.618593809900577,6.236497435174141,4.968590156563857,10.307224999404864
2022-04-22,13.189939650879138,6.381614478817551,4.110520974197162,11.53609224573563
2022-04-23,13.247888952857407,5.541183836821949,4.771528645622038,13.658206392781912
2022-04-24,13.506478175897252,6.010542117455655,3.9274693118574664,12.41627549655393
2022-04-25,13.424491378481623,6.587086866190509,4.223959943560469,12.010994493303558
2022-04-26,14.576415813462788,5.4123840421232785,3.9800146445040565,11.48277329330038
2022-04-27,14.356343929906693,5.536848977547748,4.211674699302135,10.536368492483184
2022-04-28,15.78513182468279,6.011879378885602,4.726983538251514,10.471366960299521
2022-04-29,14.492058132601812,6.523720933902694,5.1865406466681545,9.908005008456993
2022-04-30,16.598920780907765,3.552135577327814,3.5122076143113126,12.014255294304743
2022-05-01,18.338626430336184,2.1670088953416915,5.224129806929411,14.21534730833002
2022-05-02,17.582938879700908,2.50413478703987,5.5161719301496595,13.226463811810355
2022-05-03,18.985042748275834,4.434288937988199,5.796066673226856,12.531684024241125
2022-05-04,17.649063060617138,3.6503667526289947,6.230374641975978,10.060979738246163
2022-05-05,17.782143576006852,4.542004125043753,3.663792111522807,9.465835539646688
2022-05-06,17.706320963748038,2.403385827328864,5.236978846774233,7.697745273042781
2022-05-07,16.806633829358667,2.2124264810211525,5.441638613425747,7.798531815221171
2022-05-08,16.933555097030776,2.638815286177409,5.237623242453425,7.095929034638391
2022-05-09,14.488007181468268,2.6447446476307426,4.350664730938367,6.857927151932268
2022-05-10,13.534322660123367,2.126071808129501,4.752766609615503,7.292076157345943
2022-05-11,13.797582032175479,1.2086857259521253,4.254297058114711,7.232583362728923
2022-05-12,12.839019064119949,1.4246612320648273,3.4644778725671728,8.559154604421185
2022-05-13,13.919066104882587,2.9370899235684167,1.0977840730823445,8.584454400624386
2022-05-14,14.35435487818513,3.0880311342329847,-0.039162052093663746,9.051216255465857
2022-05-15,11.127378263161912,2.9612266795583095,0.2024903434346793,8.412612368435
2022-05-16,10.95203685274537,3.281044702855289,-1.6034454063771792,6.494664097523024
2022-05-17,9.624063759436346,2.6212393911338165,-2.267230998711347,7.310542526084935
2022-05-18,10.66354620637311,2.6179812477842264,-2.2627218299343075,8.404113305822547
2022-05-19,11.787507720809224,3.46439104512553,-0.6593444770095853,7.902146566573639
2022-05-20,13.671583869773512,3.522450004127073,0.2270081769488259,7.384604425685474
2022-05-21,14.235117283745465,3.591539054816677,-0.6008312484247387,7.254582561199274
2022-05-22,13.728759621699252,4.049599220434866,0.34248710799524085,5.713770869918374
2022-05-23,12.770370555702195,4.7482093266010885,1.524919083080369,5.387152826451023
2022-05-24,14.724613352759437,4.911017946604415,1.6482474826597824,6.078964785720091
2022-05-25,14.753759468608148,7.282325381547949,2.2781160603749355,6.820763685195893
2022-05-26,14.053682815976542,7.2105132081063825,2.7463751165503067,6.327907020724137
2022-05-27,14.72487936014133,7.859741312972233,3.838645925182062,5.8766577983355175
2022-05-28,15.462575969022145,7.733428611382859,3.3898425923181383,6.243987416782484
2022-05-29,15.990248457581618,6.638356911705458,3.804890959498703,5.334817807991372
2022-05-30,15.80350130025467,8.23954028737833,4.322383604530095,4.214289405648419
2022-05-31,15.301111092716027,9.54463833029333,4.573018205283063,4.077012683739646
2022-06-01,14.897272817904852,9.229415398831284,4.460813441361813,4.932896107022399
2022-06-02,15.128921937571024,8.812208498509015,4.9648357464215485,4.704106542596595
2022-06-03,15.088534300717807,11.1973443298573,5.140217150097939,6.175388491549686
2022-06-04,15.404639928079922,10.452301062234381,5.632392389206845,4.7408054686306205
2022-06-05,15.88866249248776,11.107210701305014,7.237974130571013,2.8600909459197807
2022-06-06,16.766303514590287,10.992200725212552,7.765117609407592,2.326583361485599
2022-06-07,15.932037257180333,10.669365156943037,6.375095356707207,2.6033931747563432
2022-06-08,15.449571291655133,12.488532200200625,5.026691628976103,3.676661838480187
2022-06-09,16.653317843965155,13.501572897896558,4.3579348685912365,5.7507273583253795
2022-06-10,16.37815192350982,13.155680340323476,5.938585052090878,6.252008159605454
2022-06-11,15.718232941111323,12.753499484888245,5.140771148688147,5.1791874440105286
2022-06-12,15.296037367072502,13.744823776177025,4.457563788719629,6.8471575588055815
2022-06-13,16.526209972295906,12.52822232749317,5.245557414647852,6.6379085758448415
2022-06-14,16.24796467683605,12.600431394364877,6.722841334411717,9.0276913984194
2022-06-15,16.48440560785538,13.110389382344348,6.53310821322741,9.425387948188403
2022-06-16,18.214802516491286,12.421751421317753,7.683866347144831,9.05123276432922
2022-06-17,18.413540297174986,11.67529916563469,6.161148054116354,8.28181248667126
2022-06-18,18.9172098217782,12.400073282677674,5.982617931462361,7.707523933443314
2022-06-19,17.632792784629306,9.968224376704697,6.188032632963889,8.009685974265786
2022-06-20,18.708157922686766,11.656504299739701,5.917116157198385,8.499476146759871
2022-06-21,17.091806861622167,10.283753880236837,5.264592160923697,8.836695063390161
2022-06-22,16.684362041071495,9.327002103007977,6.09929404372772,8.40733332175428
2022-06-23,16.205598898796186,9.379583634604968,7.134938581153358,8.050702081981655
2022-06-24,16.26306973734723,8.13056836020239,4.779867953296819,7.3638502973855005
2022-06-25,15.832138240103445,8.466413560459682,3.911646975013588,6.334796521194839
2022-06-26,17.352419806076643,8.78032282067755,2.534954510190655,7.820426794180708
2022-06-27,17.748700369334234,8.434957880350005,2.6574939612730017,6.746583324572512
2022-06-28,17.823891584561867,8.740292375397253,4.183929078127224,6.327548342301115
2022-06-29,18.095606296290583,8.800547007943875,4.054337425337468,5.234689617041457
2022-06-30,20.11083254706503,8.433799879318034,4.596032625547465,5.392287826077149
2022-07-01,21.101640545637117,8.083065513506932,5.086420653773217,5.745170230501371
2022-07-02,21.610513990455928,8.874673958192297,6.56397838402652,7.235478022618869
2022-07-03,20.715870131650284,7.435464765744875,6.692895202814031,7.007167146083631
2022-07-04,22.174111680712365,6.540525336213417,7.233938585812729,6.469938444951655
2022-07-05,23.50453674198839,7.200264206415597,8.691425086333838,7.28052483073017
2022-07-06,23.772401502355056,5.917799613343646,9.963521590641772,9.179515604807788
2022-07-07,23.330372776101267,5.573672576851822,10.743279194164671,10.567921094272307
2022-07-08,24.751237774004863,5.809313659977701,8.850771552841247,11.13456973601615
2022-07-09,23.897608816726372,6.308839100405804,9.863548421799864,11.111048836427177
2022-07-10,22.258281691885514,5.0291070124542285,8.434832729571003,11.106493018770841
2022-07-11,22.921524761775398,2.641425085290067,9.522562505569745,11.5448240587474
2022-07-12,23.973033410159857,3.03164620698495,9.469716197396297,12.581984386015309
2022-07-13,23.77833569288445,2.7745731580619535,8.24310036282847,14.193448136626843
2022-07-14,25.095559274296168,2.8779403306171685,8.190233008704043,15.526676523473
2022-07-15,26.73863346422962,3.5719820983450425,8.723360993890434,15.042827662931078
2022-07-16,26.404500658410395,2.4227377199241937,8.502519843368777,14.129322883461063
2022-07-17,25.445537167876804,1.3202267332980364,7.314552985992357,13.878930267803865
2022-07-18,25.373038566165725,1.9697832682092702,7.4733561554450745,12.911246440781799
2022-07-19,26.230575603346754,1.3976729206215701,8.95224116069898,13.25108090505177
2022-07-20,24.001515636857327,0.011392510058741978,11.665996246292313,12.5977839629839
2022-07-21,24.115518791699994,-0.505024227631442,10.440777348379848,13.357401153732907
2022-07-22,24.68901357306202,0.4660292934778598,10.483780695871848,14.112816104776451
2022-07-23,24.15044553254006,-0.5673909255069576,11.834528746123116,13.391687037264859
2022-07-24,22.24323267085332,-2.2315927028478817,12.65721849262832,12.632764786741129
2022-07-25,23.242538427290647,-2.7260796495804085,13.842953290916544,12.2631829968474
2022-07-26,21.256833536619453,-2.3114689756440545,13.73299829023,11.69075782356951
2022-07-27,20.80809225834884,-1.4105784825057555,14.097089927993572,13.053846303170426
2022-07-28,20.581251071964928,-2.231011089888779,13.436642091630093,14.427097578122867
2022-07-29,21.21647542534419,-1.7655133868014075,13.962293531100007,13.249122146174459
2022-07-30,20.362325156440974,-1.188025273967176,12.80295368484437,13.184963241367093
2022-07-31,20.819796953462944,-0.24085424579756243,12.710764000089807,12.807386471012894
2022-08-01,21.279124707954296,0.3505256493829908,12.580197614858717,12.524701265424657
2022-08-02,21.92465832477704,0.7188316501221541,10.092304402560337,13.802802793624542
2022-08-03,21.29560321406444,-0.0252393719092755,8.797740105174112,14.669338731825727
2022-08-04,21.29533751466558,1.6064274557137783,10.07921341730588,13.59044013314649
2022-08-05,20.396298068826873,1.1146466486641116,9.21394020081729,13.496005460816406
2022-08-06,21.689462306414452,1.588849843817533,8.832965250095572,12.809308324319392
2022-08-07,22.41917187408751,3.4313826948436192,7.326068247938303,13.91832050188578
2022-08-08,22.3094510934577,2.823430718262764,5.860259842120386,12.789304611027259
2022-08-09,22.504811855158728,1.884106865612805,6.104408072370488,13.401095676034245
2022-08-10,20.714160516382123,-0.8970961554158436,7.203998808945868,12.131058067297174
2022-08-11,20.094458470634923,-0.03374615836315886,7.959409353203669,10.555825515940816
2022-08-12,19.501062374796316,-3.331327020501022,8.725082734468426,10.353785866831018
2022-08-13,19.091390319729264,-3.6958704933912316,8.439606851922736,10.81125208216134
2022-08-14,20.48673713721233,-3.6992752933049187,8.02603909923712,11.00123579153846
2022-08-15,19.738191367076254,-4.2716912977784975,7.228770208625002,12.64771544577632
2022-08-16,20.58796074225545,-3.890074021183415,7.158357802022951,12.16277764789913
2022-08-17,19.6781168003919,-5.314547469102369,5.9251738705791315,12.76415360018532
2022-08-18,20.820211303355478,-5.139751851203004,4.771716727901308,13.244626753316195
2022-08-19,19.604694525000625,-5.747844997368487,5.702722955942463,12.918548702827794
2022-08-20,20.28429309820812,-6.79560601090618,4.960446505252975,13.76826582734546
2022-08-21,22.189740408944644,-7.187171377400188,5.8961706601389805,12.897303872730271
2022-08-22,19.62269832638708,-6.796405152503223,6.0244190424301625,12.05818720368457
2022-08-23,20.140634597882663,-5.9162914454981115,5.337126791390588,11.841992573798818
2022-08-24,20.271078690530686,-7.444493051609542,4.730815795303533,10.859449520377916
2022-08-25,20.18923188359021,-7.546730431423001,3.7403707173005962,10.006854530877801
2022-08-26,20.863054313259674,-8.562803238654194,3.596860086075778,12.105032711450349
2022-08-27,20.32941702745294,-8.900240084199957,3.714734514441564,14.014677208946694
2022-08-28,19.897317678408157,-7.600928432025093,4.28749281408209,13.261624871381672
2022-08-29,17.936923382151143,-8.940067074832644,4.393394658106555,13.330830205211573
2022-08-30,20.144952019409637,-8.591787471256257,2.5564198826353564,11.93207965315433
2022-08-31,20.086877849392042,-7.801195247497476,4.082737588082981,11.65147277521912
2022-09-01,19.186256932166575,-5.848799744301901,3.659709208277981,11.484451021230448
2022-09-02,20.545952266461363,-5.575981514965443,2.675256494238318,11.309606082124569
2022-09-03,20.49375477444641,-5.78744490019788,2.522278971455899,11.749199669699074
2022-09-04,20.671676636198143,-5.04875253196662,3.5815595831240254,11.918182594261872
2022-09-05,21.049610958679143,-4.061054788727705,3.9096307649024626,10.964028544293392
2022-09-06,20.27954913477333,-4.461960015763615,4.728983317054922,9.828013843560187
2022-09-07,19.775331658456217,-5.493107303714625,3.7776553218667934,8.767094758616494
2022-09-08,20.047110220467058,-5.309995065513993,4.657868803692068,8.955645561879583
2022-09-09,19.730145421537735,-5.643602370480785,1.6560260698211104,8.09686703369463
2022-09-10,19.45049087528638,-7.424104758328992,-1.2938101696683293,7.7789464113893105
2022-09-11,18.893313282391887,-10.242061520382514,-2.334432901204659,8.84800798448021
2022-09-12,17.393682150486857,-10.213707868995094,-4.481934044463024,8.413094767613085
2022-09-13,16.569114676909372,-8.9579554383191,-6.590499157865809,8.80820277638164
2022-09-14,16.902634283683863,-6.830766641985651,-6.713179336808717,7.011720823213739
2022-09-15,17.051954154809547,-5.545446436222778,-5.554404726068622,6.564037933340668
2022-09-16,18.14180597929554,-5.6506061628641495,-4.094826466929302,6.6892450410059725
2022-09-17,17.209173068137723,-5.28207304095616,-4.855017543479499,6.711751362729636
2022-09-18,18.02248300991272,-5.184814538277819,-6.08559972501765,9.054895402542869
2022-09-19,18.570067998462903,-5.283331958024987,-7.678786633415923,9.803637959849462
2022-09-20,19.05687209013665,-5.775598615504597,-7.801648472705796,10.347878732259165
2022-09-21,19.02783934926108,-5.877448986602304,-7.287587180210609,10.137867024217863
2022-09-22,19.061014348787968,-6.608797306959935,-5.885994522261258,10.29316389565709
2022-09-23,19.445029354463156,-7.011799327046682,-6.011930862264314,9.846900407796674
2022-09-24,21.324382608879255,-6.656688576810965,-7.303972366911155,9.584911232139493
2022-09-25,20.68202028537855,-7.890405220245365,-9.020883195112647,6.961539489288507
2022-09-26,20.649036331812134,-7.070292359096587,-9.588321405276092,5.922072220495392
2022-09-27,21.792506774549867,-6.368126058130275,-8.802788268783901,3.9927058554899015
2022-09-28,23.065800649564725,-6.851330842009031,-7.7210477641767135,4.889569008809149
2022-09-29,23.343815490208986,-8.442767124959278,-6.867580162904553,5.200264509923966
2022-09-30,23.557138784292018,-8.219404317911838,-6.428476781829366,4.608294003592527
2022-10-01,24.178595059772412,-8.895423860867613,-5.370373753645562,5.979642002628216
2022-10-02,23.948635692788805,-8.582829512311005,-3.6700771748771883,6.446766283014601
2022-10-03,23.678400506759942,-7.456911023949187,-3.4359773642783713,6.2196172571506665
2022-10-04,22.748287952798442,-7.963499445168502,-4.942225659688189,6.880498790184751
2022-10-05,20.857947108116463,-6.998824524053464,-4.669247946838841,7.708655533615256
2022-10-06,20.44301963620159,-6.730028951943129,-3.7759133008696564,7.576229992724306
2022-10-07,20.3432825194589,-5.704167772298822,-3.8014413333574093,7.825409079455519
2022-10-08,18.488880965445702,-4.038787316780493,-2.8900658944774014,8.000181555990425
2022-10-09,18.894694736061478,-5.1395254548936435,-3.448639622738663,7.827058697430979
2022-10-10,19.088663125604043,-4.093323230779968,-3.4011413629098333,9.395479387086544
2022-10-11,19.881773968742504,-6.617744548939351,-2.1835724451700473,10.142821149587933
2022-10-12,21.377688191223157,-5.845104597756694,-3.9519738283293036,10.254439129961659
2022-10-13,20.321484629857995,-6.715820125423178,-4.114907985838271,8.375418162821825
2022-10-14,20.40760444639839,-5.730524923908072,-4.423498093338747,9.238050402703259
2022-10-15,20.796852578352418,-5.74807543706084,-5.394666794614745,9.161796081897137
2022-10-16,20.688896323783112,-5.763891207154309,-5.589739253236227,9.281625851119161
2022-10-17,21.302639923310583,-5.843584516002799,-5.567449352391276,8.535841572192066
2022-10-18,22.497641025584358,-6.640460788326407,-5.140555516438695,8.14855450608139
2022-10-19,20.87900093108072,-7.533251644342086,-6.321813209902087,8.539465651019702
2022-10-20,20.724555438543014,-7.10348477869732,-5.613254710570834,9.843292526407792
2022-10-21,19.439573493810745,-7.1939279943977965,-5.329348619856512,10.071481670515713
2022-10-22,18.344083773572592,-7.947232814642052,-5.504509211039452,10.740714943561546
2022-10-23,17.55832240902059,-6.9547854276402195,-6.118867434279156,10.536936448976073
2022-10-24,16.576454965135312,-7.901436790680205,-6.616766519366739,10.642570781975
2022-10-25,17.35840206225724,-8.085968874670149,-6.86740036808292,8.73223438633911
2022-10-26,17.7042272651337,-8.203576461627152,-6.611492092839683,8.263921863515641
2022-10-27,16.596174784350698,-7.637678840244947,-6.153666221889536,7.842929501673332
2022-10-28,17.261664792938003,-7.423775115728934,-6.714302138250372,7.384495977384529
2022-10-29,16.946197379538223,-6.009678509669003,-5.76476603796009,6.785905270360058
2022-10-30,17.003428212193946,-5.327153597826773,-5.087155675129519,6.991406384392773
2022-10-31,17.618005627690707,-5.152869106295636,-4.198104641228538,7.245303762681178
2022-11-01,17.44232380202914,-4.557101770112588,-1.4869015134185073,8.139485218706797
2022-11-02,15.481597274310413,-3.62606124408962,-0.8209541790425523,6.861307111457645
2022-11-03,15.50472304879203,-3.0680183523218423,0.04811280285037567,7.149924277576335
2022-11-04,16.52019008519943,-3.7210243348409797,-0.019155233498154497,8.60824304946558
2022-11-05,17.012203099308163,-1.6476072098045478,1.9869198345216954,8.972037722710068
2022-11-06,17.52849539224361,-1.0111368853045473,2.463997592763177,9.829061675433612
2022-11-07,18.415892968636452,-1.8098130406503778,2.1866036899555343,10.440670528818018
2022-11-08,19.22385214252327,-0.6577945693102862,3.0928786703720568,12.33618800562333
2022-11-09,19.022387340922787,-2.8709311738481817,4.361539492093446,14.238335378494567
2022-11-10,20.16416147466393,-2.6415068925759653,4.174730880643003,13.90768737891031
2022-11-11,20.498948255465184,-0.5255599931672386,4.318958971767296,14.304340027533202
2022-11-12,21.54490166680356,-1.843595604402648,4.857413923192676,12.904452702709376
2022-11-13,21.649884485375964,-2.8440641988157607,4.205123572103094,13.691626686542953
2022-11-14,21.436571930104392,-3.861267534854669,4.0290035340526575,13.115292200914258
2022-11-15,22.578377173000984,-1.6844232786809847,3.0236313159954937,13.932231661511356
2022-11-16,23.226165597636758,-2.5472645246372876,2.4474146487171957,13.613512022125034
2022-11-17,24.10867556398193,-2.701443093892914,1.8536669195996138,14.642509679565812
2022-11-18,24.821112024477006,-3.4924949361470023,1.0054885494698786,16.13315835346043
2022-11-19,25.517044999675285,-4.026575629948309,0.54887686151878,16.005805969960793
2022-11-20,26.454299226168683,-3.1839579521379604,1.2094998508454065,16.373965805278342
2022-11-21,27.022894832067344,-3.2312993925730975,0.04288457446731364,15.153121075352749
2022-11-22,27.210969910350478,-3.956670305868151,0.3894479485418111,15.517981372996216
2022-11-23,27.144509372143705,-3.7011530136763056,0.34605712536800576,15.48892285121358
2022-11-24,27.131223022025093,-2.664708683610214,1.0491626572974948,15.232639795943605
2022-11-25,27.012201438211125,-3.681154731909145,1.4646100667399278,14.302188347960245
2022-11-26,28.132563942494173,-2.740242303781661,1.1912573577858303,13.943353911890604
2022-11-27,28.733718930308488,-2.4988201796079452,0.8720368324012485,14.808784870973122
2022-11-28,27.428787475737447,-1.2424990033486156,1.0552642924989126,14.99223071538863
2022-11-29,26.334422648848825,-3.927790242064866,3.518227684424896,14.977611869723377
2022-11-30,27.66550772975881,-3.0225933318905724,4.9023354082731885,15.215563988511274
2022-12-01,27.26794815081249,-3.4713179420117948,6.860550524945446,14.712419481808679
2022-12-02,28.088884587484028,-1.956968143438028,5.352924258175183,14.586213152478571
2022-12-03,27.696846599257665,-3.3413703749060213,3.8281416629740557,15.551130461697028
2022-12-04,26.291609875237274,-3.1844444187035674,3.6296264151849256,14.042597014714705
2022-12-05,26.543029639105182,-4.616822147985943,4.660121133673989,14.166072054762319
2022-12-06,27.620442275446955,-4.772805257919178,4.638977333347318,14.961574698737994
2022-12-07,27.518672041656757,-4.977621501733524,4.0709262861111615,16.919274198840743
2022-12-08,27.883308707322758,-6.7984490794064625,3.763797954630114,17.972917498598733
2022-12-09,28.354173526308497,-7.35200456738005,1.8989692293167455,17.65163254348338
2022-12-10,29.668798027289196,-8.254559177291231,0.2708555446650691,19.19189831300458
2022-12-11,29.63641998852142,-8.303296769157035,1.4162955209344483,20.04853020526503
2022-12-12,29.198094233653876,-8.24205544189804,-0.9258305907096256,18.786468837685536
2022-12-13,30.393748774605626,-8.585239915459756,0.34161916671628845,19.312949835680154
2022-12-14,30.863437599673297,-6.453613918734906,-0.20159443798258847,19.752511968996842
2022-12-15,29.435900784961547,-5.172683792954965,-0.6087877988596626,18.746434571979435
2022-12-16,28.623998838924447,-5.046815359876123,-0.40000280299906,18.228997052534602
2022-12-17,28.254333542659595,-4.2131371764890995,0.7683976645753635,19.463428766189132
2022-12-18,28.15506441179556,-4.341578134335175,0.11967778334523316,20.32034943017951
2022-12-19,27.8581513886449,-5.029944289972919,0.29292248054135656,20.035948936949133
2022-12-20,27.46494988861869,-4.087581284227009,-0.2589419777701077,20.662636204630736
2022-12-21,26.545679076011233,-4.81869966736075,-1.5904361739493216,20.15415919326645
2022-12-22,24.993887439089566,-5.317707898827038,-3.0795819325986122,19.362766967117096
2022-12-23,24.575887109110692,-4.383342407520762,-3.3342702518075997,18.267709325886106
2022-12-24,24.10418332741085,-4.206471490989031,-5.041778988626982,16.363013038571985
2022-12-25,26.082398673923908,-5.268747959145596,-5.236594294373672,17.449420161990314
2022-12-26,25.25630563144145,-4.312538235107682,-5.5523104696484,16.805228269156117
2022-12-27,25.231514600025452,-6.097719229863172,-5.81487537091212,15.288988791312613
2022-12-28,22.798454277628373,-4.979602719134221,-5.229621473297845,16.707464772155948
2022-12-29,22.23164387385079,-5.473352145833628,-5.7428141536672195,16.247854187103744
2022-12-30,21.999081931708485,-5.797321121332076,-7.238640743870134,15.912308845316097
2022-12-31,22.352230649807723,-7.675670009886024,-6.993581975352758,16.612355958568973
2023-01-01,21.776830832718986,-7.840445835502251,-8.811898819405164,16.613866713452992
2023-01-02,21.4767666767987,-7.364449308057318,-10.076426802431396,17.238147932732755
2023-01-03,21.073412081083422,-6.923850335322668,-10.084524402123291,17.338986231959073
2023-01-04,21.77184517509191,-8.755598426749856,-10.608823615413318,16.45603671219662
2023-01-05,21.286620072845036,-10.052929284471913,-11.94219866411353,15.994411299986876
2023-01-06,21.372231565256268,-10.389734333159854,-10.713217787952065,17.39872053333359
2023-01-07,21.247587327785496,-12.024328980871216,-10.460022377697276,17.306185780761158
2023-01-08,20.168975505098217,-12.095783752935196,-10.68027394577595,16.889686060537386
2023-01-09,20.307418785376253,-11.81910108618128,-9.278988084324233,15.335238705047223
2023-01-10,20.1287958099665,-11.496033429981932,-9.370193369649364,16.224933997709705
2023-01-11,21.303147608669985,-11.854847454425679,-10.239577306112938,15.67464010561824
2023-01-12,20.373231662401093,-14.217981180161562,-9.137838246037907,15.910536273521073
2023-01-13,20.81021155736195,-15.277079179397015,-10.561710010389644,14.94407354108211
2023-01-14,19.71698610612547,-14.124772299720563,-11.865798537435658,15.253301215826818
2023-01-15,20.467238766128506,-14.993671826222993,-11.238948796145749,15.807719030770702
2023-01-16,20.278624308597916,-14.790033502014204,-12.070174879102126,15.706331859957228
2023-01-17,20.11288359947019,-14.801232688900427,-12.846251973099195,15.41790181317421
2023-01-18,20.213516890782056,-14.454693503051292,-11.627194108775498,14.832219818531787
2023-01-19,19.879543432899847,-14.471320030770844,-11.398912657770664,14.47015067091559
2023-01-20,21.219818423890683,-15.387424684938017,-12.847203026795107,14.256495868862805
2023-01-21,20.80362994037856,-15.817288336017413,-13.001450690072812,14.956334109257064
2023-01-22,21.369772128537345,-16.42055827457009,-12.315071279571479,15.46407411765123
2023-01-23,21.42697877343339,-16.814815487737555,-10.504467672095537,16.279598629253353
2023-01-24,20.560422158612276,-16.832401415231036,-9.040874709791185,15.769867717339466
2023-01-25,20.409253010151946,-16.24616584898831,-9.490462289404563,14.927440463437287
2023-01-26,19.983303583419964,-15.962305515486568,-9.784713418221045,14.622271458364054
2023-01-27,19.392035718523346,-15.889998913019825,-9.869528196482788,13.811905192778173
2023-01-28,18.032003467674247,-17.279831901876086,-8.55063620889707,11.752186914881099
2023-01-29,16.84062643027097,-16.246125134961275,-8.762177853288431,10.444447863550574
2023-01-30,16.86066105152455,-15.622642017806896,-9.867971306591322,12.410021005339763
2023-01-31,18.0997997338543,-15.562047714593339,-10.729652468299472,12.990584603663947
2023-02-01,17.226072618862034,-14.84618872838621,-11.041143994925033,13.024883610773728
2023-02-02,18.1677689254823,-14.252476392369019,-10.999437123685146,13.768355967389628
2023-02-03,19.016527975731165,-13.257377199259079,-11.915792395644225,13.01844242638328
2023-02-04,17.234657403726505,-12.880062872331989,-10.115163606521644,12.050257291812173
2023-02-05,16.958841136521553,-12.675396798076905,-10.83056065017141,12.036423787925214
2023-02-06,16.23722389291011,-11.495251891748051,-9.8003332891774,11.73351878861776
2023-02-07,16.23332125959011,-10.617902145644766,-10.583751418695165,10.578331471238142
2023-02-08,15.00938670076123,-11.929657023277505,-11.16065881745456,10.158877517180326
2023-02-09,14.710447912838841,-13.098533685760964,-11.41562270659449,9.767453147419612
2023-02-10,15.360189408590948,-14.375446722736232,-10.889450063028315,10.165795655337103
2023-02-11,16.114787976061493,-13.67246579422452,-10.779227486541311,9.21279180152974
2023-02-12,16.686632923242964,-13.385020123482676,-12.478532896361157,8.571576719038408
2023-02-13,16.994971593805047,-12.56435364266811,-11.668962930849181,7.501637570414518
2023-02-14,18.01686979539754,-10.69734759140347,-11.946951644852367,8.066718003297105
2023-02-15,19.68932922460487,-10.406603196873663,-12.016328052660148,8.832928648651329
2023-02-16,19.571260222774747,-11.635124655776687,-12.691404600422118,9.087700247004456
2023-02-17,21.000615848190282,-12.428599884917281,-13.268936833530946,10.371392530856621
2023-02-18,20.845968087330135,-13.332865791006935,-13.292436606094759,9.667999639545593
2023-02-19,21.840378545879936,-12.845233432794682,-12.856107641732663,9.124048858150152
2023-02-20,22.958712628534805,-14.267950965147612,-13.293997850001848,9.42689817987614
2023-02-21,23.167911696822824,-13.174453404916452,-13.122903417426988,10.73479417842359
2023-02-22,23.042060051468265,-14.570539755368372,-13.374413383481349,11.097975590134759
2023-02-23,22.135251233404873,-15.0597656421155,-12.429873118132859,9.959991984765804
2023-02-24,22.18253243754468,-15.843876883095081,-11.31543869602553,10.540296034394235
2023-02-25,22.65882585089135,-14.138333565303252,-11.359432220664258,10.314444040907324
2023-02-26,22.515469307273207,-14.377176944213163,-10.492489232566355,10.363485437193573
2023-02-27,23.339463492062656,-12.13847470154649,-10.450623188422096,11.18572304556585
2023-02-28,22.642059194640208,-12.349191850763749,-9.252874693866708,10.094765611384739
2023-03-01,22.08020664040199,-11.100969201827025,-10.02328614316057,8.304675099842177
2023-03-02,22.49076467643974,-11.42937297778402,-9.99096849929003,8.078585672641902
2023-03-03,22.116706577943688,-11.738324486136495,-10.195692857133698,6.807673407109517
2023-03-04,18.941844358195024,-11.68348346979134,-11.759955970814193,7.741015179024389
2023-03-05,18.704463952885057,-13.335208995597927,-12.472921790294393,6.9398428340736675
2023-03-06,17.31644428962391,-14.510490394663016,-11.435872919672814,6.143975386567893
2023-03-07,17.40002300888411,-13.8448267866645,-11.88658373224524,6.977094679890943
2023-03-08,18.362784428231656,-14.624906778607645,-12.696378204877803,6.997499262438141
2023-03-09,18.75118900686372,-14.142750802373092,-13.549991690998054,7.636740702133671
2023-03-10,18.438574161742775,-13.723849646762263,-12.71313822373053,8.119679659589975
2023-03-11,17.47578550921909,-13.662414600599455,-12.046580326699011,9.073450455547986
2023-03-12,18.64247516116976,-17.20235437630896,-13.056931506575964,10.35622224801741
2023-03-13,18.412230217519618,-15.727464147190869,-11.5864252711718,9.577216437352083
2023-03-14,17.800704254955395,-15.057560107540692,-11.219472194577,9.12277251662176
2023-03-15,18.252186107205166,-15.476612758007956,-9.394420900235811,10.97129519278293
2023-03-16,17.054808169593763,-15.892264928972276,-10.2981062991019,10.135488556375437
2023-03-17,17.570806698581524,-14.233610433451773,-10.926480805679065,10.960223956520379
2023-03-18,17.995517812032134,-15.694479661191894,-10.360437207646326,11.442064826434605
2023-03-19,18.9960211598878,-16.846266436733167,-10.077557780244058,13.33866729650736
2023-03-20,18.28812163008514,-15.972244547067552,-8.277662500308645,13.712762259086642
2023-03-21,18.093286699752298,-14.83885913164661,-9.284017407536158,13.278468013977589
2023-03-22,18.61518251701458,-15.542490927475619,-9.866002939785671,13.20139236860703
2023-03-23,18.719746714708865,-15.664212332643908,-11.435199949589842,12.19721008334664
2023-03-24,19.035742146721173,-15.48999116542511,-11.32213354933958,11.810891035894928
2023-03-25,18.859458392970133,-16.504733998466584,-10.965719224071659,10.870681771966902
2023-03-26,19.910328973345376,-15.917476717091313,-12.250646479410827,10.24606754709307
2023-03-27,19.42036209450697,-14.994862849616764,-13.130922691356142,10.018319869826101
2023-03-28,17.409545192588595,-14.938304961248603,-13.26523360638739,8.530629452505922
2023-03-29,15.900211548951182,-14.849500498933237,-13.409191804056578,9.079788221232226
2023-03-30,15.322197602333999,-13.491159613605243,-13.792303039133557,9.075477391036321
2023-03-31,15.014667484607736,-13.699542824926796,-13.63130861973619,8.962523781937701
2023-04-01,14.79018240630378,-14.707181204055312,-12.851461744231635,7.971053776025846
2023-04-02,15.084163841973313,-14.368005285907545,-13.943614969562798,8.583331607541163
2023-04-03,12.88513470747188,-14.307977529606237,-14.931377387982879,9.2787401167042
2023-04-04,12.261386830222952,-13.921654319113262,-16.00046024207103,9.057298475538479
2023-04-05,12.520022581331617,-13.985349078791051,-17.07889911473209,8.618068858988105
2023-04-06,12.396988204352148,-15.430385997295005,-16.34155901562673,8.156423018642936
2023-04-07,12.020112386578026,-14.56693375878544,-18.343618067664064,8.54647824466415
2023-04-08,13.401539775302622,-15.56409006497764,-18.696442422324914,9.882413544229477
2023-04-09,13.161381415964048,-16.709921063106766,-19.72155633787858,12.180150413940867
2023-04-10,12.2189112724853,-17.84234776469642,-21.591765858459418,11.64743698550261
2023-04-11,13.050986276353694,-17.55220876230511,-21.23148454258735,12.549322739177047
2023-04-12,13.683313540989522,-17.125280961733196,-20.900660118538948,14.102098749481804
2023-04-13,12.765622339971479,-16.53542319124608,-21.792818680978627,13.908384547520471
2023-04-14,13.588589388336205,-17.641966120896676,-22.835312891021875,13.818599820433334
2023-04-15,13.98239343343294,-17.55496256532371,-23.689788356510487,14.65349452804331
2023-04-16,13.281286521465507,-18.18112039607277,-22.815853351447995,16.180028221108216
2023-04-17,12.577553925156971,-18.487446086792197,-21.72503881478853,16.137472992698047
2023-04-18,12.67049942798508,-18.82523672806513,-22.194982284986033,13.91302473689177
2023-04-19,12.639417306007232,-19.063629131611954,-23.51914445331413,13.548894630612915
2023-04-20,13.0273454363457,-20.85201222735432,-26.150096947141755,12.585621509441062
2023-04-21,12.67144348990759,-22.310219378376154,-26.617399383542605,11.616738056755763
2023-04-22,13.547252444551274,-22.02885809455063,-25.78698212901724,9.753562437660566
2023-04-23,13.201310556140486,-22.670079556288837,-26.07036921112328,10.27725306618511
2023-04-24,12.205726137306959,-23.11716986194271,-26.36439868428367,10.363314773094508
2023-04-25,12.230085231378578,-23.280473024861383,-28.505956422363223,10.857642893973008
2023-04-26,13.837393004528826,-23.767044080222433,-28.261016160187882,12.034754696901112
2023-04-27,11.383019728444193,-23.809277201055174,-27.970178576539976,12.384621297744514
2023-04-28,10.642816918375582,-24.860980713975053,-27.693457473115643,12.065631565385074
2023-04-29,10.4984004642508,-24.616449185575224,-26.783325198732783,10.521432020491492
2023-04-30,9.487661104922609,-25.928841584346404,-26.38510111508337,12.194061487223262
2023-05-01,9.097131945079315,-26.09107999748996,-28.479431402948926,10.8615598106144
2023-05-02,9.258503133050686,-27.87959089062976,-27.866762090684908,10.00247949413529
2023-05-03,10.603329707152746,-28.835648015427285,-28.335114407669497,10.065684300246323
2023-05-04,10.068491306685708,-27.764495955102433,-27.466754100286085,10.640153419131142
2023-05-05,9.519547927127272,-28.076055044674455,-28.36932001319573,9.380521451762288
2023-05-06,10.15412142721402,-29.170992342042393,-29.034535013739664,11.005061231017656
2023-05-07,10.055585971508053,-29.462960643776942,-27.84172223493475,11.163658135059233
2023-05-08,10.224567770183478,-29.35748565153947,-28.809317867333032,10.640888905728787
2023-05-09,12.13082096709731,-29.39877281484058,-27.323716883713743,11.835825266821756
2023-05-10,11.55115977085687,-30.293098460169954,-28.204326891882243,11.242022161406656
2023-05-11,12.717375735693986,-31.754662601086782,-29.181619243337533,10.769937236267344
2023-05-12,11.394565826310625,-30.47060731779373,-28.724200426045968,11.242836731013263
2023-05-13,13.373735405495163,-28.415548818434008,-28.925882259316825,11.946009802993931
2023-05-14,15.471989239607662,-28.017631273655436,-27.78963823332017,12.129859881086292
2023-05-15,15.166935069639694,-28.899410824834774,-26.383623911477503,11.262467409826465
2023-05-16,15.816078623718418,-28.9263910694665,-25.817498048975068,12.421076881364666
2023-05-17,14.976465461496257,-29.46308756047614,-25.709309882640447,12.333638315322203
2023-05-18,15.143959591430608,-28.966067540899296,-23.787768138778834,13.255067464995301
2023-05-19,14.370559051138258,-28.518515065712347,-24.063664437369336,12.957217837351761
2023-05-20,13.80385154202338,-29.03655413546901,-22.3829532131378,12.796448012925497
2023-05-21,14.30315362227793,-28.897749518088705,-22.77835308270817,13.369420740241676
2023-05-22,13.030947441032968,-29.606156201410162,-23.202898822058,12.91899626641668
2023-05-23,12.609164071660057,-30.561566250745745,-24.063606334882646,13.344045786685523
2023-05-24,12.892569368274692,-31.260165099942636,-23.44727713263603,12.892254797427324
2023-05-25,12.157645445272548,-31.595927808366078,-21.07108162220941,12.431985756674802
2023-05-26,11.447099228833537,-30.09632620824221,-21.604846277211642,12.230154724643594
2023-05-27,11.011722692416432,-30.201328452545397,-20.904233492155917,13.722932562257578
2023-05-28,10.394119177465258,-30.319264247085673,-21.370180515504046,11.840070139133408
2023-05-29,11.008417526022319,-31.46591117205285,-22.841637810575065,11.646048259761901
2023-05-30,10.424266212431185,-31.26545711119632,-21.95946852975534,11.669190699506116
2023-05-31,10.725626720433903,-33.359180164041746,-22.572174530624622,11.930576767693443
2023-06-01,8.782915699148035,-32.360648377497924,-22.745289918215782,12.181653149919343
2023-06-02,8.466148356116207,-32.309101978361234,-22.876378191658226,12.257818835022531
2023-06-03,7.442069568000485,-31.52148821847191,-22.93682441677031,13.867302803274823
2023-06-04,6.474235087472909,-30.527758864320813,-23.403553129551906,14.318886948818953
2023-06-05,7.503954854906599,-30.512215601389837,-24.017548023777767,14.477001850586461
2023-06-06,7.931755012614598,-30.831499984110398,-21.48331248430584,14.45127167660206
2023-06-07,8.65932362597216,-32.85124378407492,-22.113274886244845,15.36170963828557
2023-06-08,7.881215877196764,-32.067644972170285,-23.03930524816792,14.574213690121493
2023-06-09,7.073159345842116,-32.02586956638842,-22.595713901652207,15.25817911943706
2023-06-10,7.958515380673697,-31.980021047455445,-21.574880483749325,16.304022701906554
2023-06-11,9.771830857340028,-33.16482866491489,-20.25833104624847,15.713707165734682
2023-06-12,9.32512991688529,-31.586018615143722,-19.541055715179958,16.84921275307862
2023-06-13,8.675636395210109,-31.919198340142138,-18.639753599582413,16.864549510101
2023-06-14,10.106988540262279,-32.18376491737208,-18.34600199099554,19.43631458838094
2023-06-15,11.389238174992698,-31.602549942101334,-18.49945201366155,20.00584455143672
2023-06-16,12.01855025991325,-31.328427479167306,-17.27957124218669,19.580320338851227
2023-06-17,10.955226410990718,-31.81010078301718,-17.34333637276461,20.428740814654276
2023-06-18,9.207854331698107,-30.6241704904643,-17.113547216304376,19.95063817890847
2023-06-19,8.8836601680184,-29.835165094201617,-16.323406171204308,18.745877545188375
2023-06-20,8.209137744624321,-30.41881351882357,-15.700413791717557,17.878223814150207
2023-06-21,8.428533728970299,-30.13450094386353,-14.955560728849736,16.70438359931211
2023-06-22,8.16898159325999,-29.210159747501788,-16.14671160270727,16.46205934538523
2023-06-23,8.367378647036114,-28.161769954162047,-16.07420123569273,16.018357238502283
2023-06-24,8.99831824974367,-27.18014915474779,-16.12864257862964,15.800279904073411
2023-06-25,9.186237209134616,-27.70566214725916,-16.35543237855592,17.29718917923768
2023-06-26,8.559633594745149,-27.36961113412229,-16.849964598666748,18.569007591183325
2023-06-27,7.317455209809189,-27.18555092743179,-14.795245422616269,18.552372264615393
2023-06-28,6.112225123519877,-28.925105853900302,-13.383260370727694,19.066546484035122
2023-06-29,6.352534584403041,-30.498990120321213,-13.028509040214203,17.664412075079024
2023-06-30,5.235037847844116,-32.26579990280661,-13.479136354429837,18.31051392493554
2023-07-01,4.06569091060713,-32.38685102890661,-13.799239181548142,18.56264050580608
2023-07-02,1.9457630194852022,-30.772523248171314,-12.887268705414655,18.834054352608355
2023-07-03,-0.8355352956043403,-31.885168424343895,-12.867893309390082,18.25354731665947
2023-07-04,-0.3183551322351933,-33.10041220094347,-14.07305143020475,18.689833716800972
2023-07-05,1.107956608821647,-31.156792249593146,-15.374305468178374,16.14598802475688
2023-07-06,1.1917751014293612,-33.310598141454335,-14.812349811493288,16.461549418190522
2023-07-07,0.9779880349628165,-34.72054535389329,-13.471222564107478,16.763076738497922
2023-07-08,0.6159060108177172,-37.00452635512235,-13.51153717125261,17.085500417411005
2023-07-09,0.7171656289487615,-37.180337525272186,-13.445720124852826,15.340263760909588
2023-07-10,0.012630520592617711,-39.381723040034124,-13.267092915763277,14.407378913892323
2023-07-11,0.7423932007447874,-38.64747329468457,-13.416789314933427,14.849231545944198
2023-07-12,0.8840354293868239,-38.72027141272767,-14.317869481142019,13.512133179606694
2023-07-13,3.467230503952465,-38.43031170893055,-14.999195448831392,12.372544082937113
2023-07-14,4.535506030749521,-38.84123588091072,-17.22450664905668,12.711107077180236
2023-07-15,6.18061930075776,-39.54435396312979,-16.40098899265119,13.147855102736376
2023-07-16,5.301987135630304,-39.4826011763607,-17.598935767453227,12.166982203532257
2023-07-17,6.334354648983399,-39.214748160215024,-18.168320686874445,11.021876119040998
2023-07-18,7.003604670201339,-38.99127934030101,-17.857809926205984,11.216764664873672
2023-07-19,9.021217221393556,-38.77831008623571,-14.827113258190428,11.619060181140739
2023-07-20,7.783835042084393,-37.76775260329568,-15.223271587745241,12.319866444405452
2023-07-21,7.330569835370305,-37.770604873276156,-14.289189973125108,12.07152769142387
2023-07-22,7.5008165138451615,-37.95103853501112,-14.132064833746357,12.93246505910642
2023-07-23,7.612292457048911,-39.8160906629459,-14.215075537091149,14.249644085457962
2023-07-24,6.488637510690451,-40.828064884962814,-12.581938291373039,13.909673138557721
2023-07-25,6.0298405384301486,-40.19711655882212,-11.448292559463779,13.473748631878383
2023-07-26,6.284062130612403,-40.616170779518775,-7.651628748244345,12.86926800681569
2023-07-27,6.023059257055896,-41.18186994144241,-8.188807159817527,13.626813931155548
2023-07-28,5.8559233120679135,-41.49539083934848,-9.289438117753697,14.541476017345753
2023-07-29,4.71477452533692,-41.273167578756144,-9.289188716015724,14.774898880091445
2023-07-30,4.426860997430764,-40.91773310277023,-10.431669890038853,13.783684881566318
2023-07-31,4.699027270537986,-41.20516467731307,-10.594319712509872,14.983776665598445
2023-08-01,4.022277885444785,-41.76725861724492,-10.081455952535554,13.141387218759156
2023-08-02,3.860360401562691,-41.559918995663594,-10.577167201679295,14.29570347190773
2023-08-03,4.356388474137934,-42.78940695482102,-11.578933617533517,12.392153107923129
2023-08-04,2.5403758027655554,-43.20591602614239,-12.52839308961213,12.762359495224832
2023-08-05,3.547668931435644,-42.68746337828313,-13.711310278923014,11.903569346974756
2023-08-06,3.5099001401181646,-41.7592334523101,-14.059469093386882,11.428763798349133
2023-08-07,2.121534383696522,-41.42435172579783,-13.446956036053074,11.953794826791412
2023-08-08,1.6181171996143462,-41.13524247388405,-13.576518910271655,12.786964087515425
2023-08-09,2.491771759844176,-40.45777990696492,-15.487262728212546,13.916092850788532
2023-08-10,2.748014265533956,-41.18008812451523,-15.019706879235658,14.182751952994852
2023-08-11,2.729152630839738,-41.334693089229845,-14.294917281135081,13.97652503660748
2023-08-12,4.617853761350462,-41.56492341154957,-14.178976548360756,13.985124244521382
2023-08-13,4.259946603095133,-41.898244015735315,-15.642530709057917,14.142882022459487
2023-08-14,4.562319563381546,-41.122657844579,-16.014658775078306,14.517759759120057
2023-08-15,4.063308023751229,-40.330236229257025,-14.292067264026528,16.34848429554758
2023-08-16,4.6086187231391715,-39.460098670925305,-13.644853502499412,17.05794686461477
2023-08-17,6.796751775316729,-40.600823252831184,-14.536323398643596,17.248067505289143
2023-08-18,7.667069823065511,-40.069524580647766,-14.332776384160534,18.47416474140519
2023-08-19,7.370267431745763,-40.56065241899818,-15.854055299656922,18.248757551420656
2023-08-20,5.127277978086263,-39.003201811831275,-17.333750350776423,17.104839054982662
2023-08-21,6.321248724534054,-37.604780714015355,-17.31004531351157,16.480957166295163
2023-08-22,5.757925230530769,-38.10665670392527,-19.021844462077095,19.08306285360372
2023-08-23,6.0432153253302126,-36.662568794029326,-18.8710681301003,18.217152631640012
2023-08-24,4.852704714262763,-39.69124515862662,-19.135537267405137,19.15270159612513
2023-08-25,4.573018668665963,-39.66557882665746,-20.764885356352924,21.198561625555232
2023-08-26,4.844571580555257,-39.739816551515034,-20.545963481231386,21.125913474444637
2023-08-27,4.121994975260293,-39.0563075917205,-22.06248788227276,21.15125849111377
2023-08-28,3.7263527941669072,-40.23160463190627,-23.527406336556446,20.20477787564444
2023-08-29,2.086914278701143,-39.30086550194674,-26.460371824464104,20.712261643010823
2023-08-30,1.3414980686450497,-38.47002330926496,-25.677153748328355,21.034308156002602
2023-08-31,3.883102371363753,-37.91367593036439,-26.307024854153322,23.37818852346667
2023-09-01,4.526499129951694,-38.88562268024166,-26.173675757211008,24.64793436014175
2023-09-02,4.374297608475558,-38.16242750556895,-25.876829436730358,23.850079725551588
2023-09-03,5.499822518570781,-40.192738146856534,-24.59130470807763,24.25198112322025
2023-09-04,6.001751580119749,-40.27413201860744,-25.933148497156065,24.571939749309475
2023-09-05,6.406556871898672,-39.09218597322278,-24.755518947353686,24.750681357616717
2023-09-06,7.412909548213496,-39.98992231116014,-25.26673700881941,25.18084584408398
2023-09-07,7.206364329215304,-38.40267403502667,-26.225120861073012,25.318341359170194
2023-09-08,7.131826096972998,-38.522307431187805,-26.69922796777002,24.840559066065737
2023-09-09,5.608644876586391,-37.73377342105209,-28.405323001327506,24.777269777995567
2023-09-10,6.957993727098348,-36.69226300197833,-30.67387945072431,24.69037088146024
2023-09-11,7.275796655342631,-35.86682962196589,-31.862028809564546,25.046436208604238
2023-09-12,6.596292875252398,-36.0601729041623,-32.198832751744774,24.44508483408727
2023-09-13,6.815326040876493,-35.553214754808096,-32.49696116807594,23.4581361947823
2023-09-14,6.463573891672402,-35.47032909345843,-31.692139963523598,21.856374856963736
2023-09-15,6.6405229532416135,-35.10079191445651,-31.23304711365777,20.60130998425371
2023-09-16,8.112700017388509,-34.405206118288824,-32.44614577600227,20.318838284899314
2023-09-17,8.201656953943692,-34.878752460945826,-31.5440068356684,21.413772724886712
2023-09-18,9.26338167206546,-35.64707943377373,-30.96875204232327,20.8790202586142
2023-09-19,8.287755426541374,-33.51843726105735,-32.06214762714368,22.325278808426546
2023-09-20,9.583867312881429,-33.96912442388635,-32.47629667068022,21.154967096058613
2023-09-21,9.191616921971274,-33.05951116814261,-31.959850888933914,20.208084202475984
2023-09-22,8.44462672193481,-33.0003773896587,-31.967566553046556,20.650445327703537
2023-09-23,7.628626472699248,-32.76777965294918,-33.75143466342066,19.971206733481054
2023-09-24,7.440013935306963,-31.65724998005423,-34.340787193699775,20.86665048076588
2023-09-25,9.518631496149794,-32.11368225033525,-34.68968383869432,20.192056384287465
2023-09-26,9.494478911265192,-31.766518090969118,-33.77875254532667,18.966316299936572
2023-09-27,8.13963826038131,-28.60579849058942,-33.05533834862369,20.23559450576232
2023-09-28,7.71570173090893,-28.353336808978607,-32.902883734643204,19.56486663659633
2023-09-29,7.396590429085147,-25.185277115744547,-32.07799937523662,18.992697687358373
2023-09-30,6.953069443614988,-25.173170054935387,-33.037640608628415,19.171174863329085
2023-10-01,7.095022037597933,-24.364060130185585,-33.33716077552566,19.443816803531227
2023-10-02,6.34644882708603,-22.28205341264552,-32.802337874238965,18.22919360551046
2023-10-03,6.2067690445039645,-21.967435521122066,-33.36900204581753,17.859240998581388
2023-10-04,7.216948636125435,-21.923062853514956,-32.30791368752668,16.1290002690805
2023-10-05,8.237939804358373,-22.75157251339848,-31.266345060714595,16.550021343510174
2023-10-06,6.849466576778591,-24.051521223557582,-31.38815076445787,15.873932839231285
2023-10-07,6.490662305723047,-24.123125547715492,-31.02026247303454,17.495805850657618
2023-10-08,6.260514249201656,-22.370496279235372,-31.48667925887757,19.458260183364775
2023-10-09,5.950923168106352,-22.86907165684098,-31.312472920361746,18.86899006723655
2023-10-10,5.98165141688148,-22.658350400361048,-31.561084229891755,17.19274237236163
2023-10-11,5.631595864037773,-21.703385334093507,-30.591516901741958,16.346612736997074
2023-10-12,4.839755677766939,-21.33021662086228,-30.413623540493635,15.221479594965025
2023-10-13,3.523774959062462,-20.864194718753996,-30.719916203920363,14.941224251078156
2023-10-14,4.044427426473115,-20.652953617009313,-29.743058381672192,14.487131758039615
2023-10-15,3.009889734871992,-20.90618004076949,-28.436030444329813,13.676241294605157
2023-10-16,3.3741558229516384,-21.26177321602366,-27.94965121141218,14.765182431131583
2023-10-17,3.775496949521387,-23.43393179884975,-28.722274155229,14.777515922432462
2023-10-18,4.284514230903106,-24.1886189858467,-28.5444002929087,16.31506217355237
2023-10-19,3.3728487495041373,-23.494229767531817,-28.274500562104134,16.19869079127982
2023-10-20,4.768874709289856,-23.561086403788646,-27.091949644075125,14.597431292894013
2023-10-21,2.372937136729261,-22.38155746786949,-27.705253660466298,16.471871369089687
2023-10-22,2.988780935115623,-21.882262232685406,-26.9216001866971,16.62969918726558
2023-10-23,2.189926395436647,-21.52208234372591,-25.4564045146791,16.863944102003643
2023-10-24,1.845337814973683,-22.285229668049165,-26.132863007517532,16.64558164392269
2023-10-25,2.9945232532670643,-22.538309919274173,-25.99043729398407,17.389073579958257
2023-10-26,2.5505672121168654,-22.97932416802456,-26.14945170867449,18.6596873199018
2023-10-27,4.775434403857124,-23.512430150510873,-24.995289122717153,16.41315737690853
2023-10-28,5.7976197606455315,-22.248186331971937,-26.07106364733263,17.28629343851599
2023-10-29,5.569164359881999,-21.511154645405963,-26.083716192619516,17.39027805700013
2023-10-30,7.24578821726038,-22.778034379136418,-26.452291275826152,17.57211475619442
2023-10-31,8.124898778900416,-23.77823484426411,-26.413540765202242,16.131874467260815
2023-11-01,6.384935788433949,-24.43907971014153,-26.14878386232037,16.755452652812274
2023-11-02,6.817913950891109,-24.601826985365648,-26.312112530598274,17.04977046718137
2023-11-03,6.83275717027533,-25.810908580639992,-26.18993058942094,15.645312000252376
2023-11-04,8.457508454318196,-26.143697160309785,-27.151850898763133,15.663984820491397
2023-11-05,8.089886471577163,-25.41801919651284,-26.24711039767597,16.6764738446483
2023-11-06,6.5100989564299985,-25.150953032153406,-26.6840450759904,17.517452893070946
2023-11-07,6.543882113132629,-25.285977964704173,-27.026470930565043,18.64329763809262
2023-11-08,7.186640662663195,-23.83335680650588,-26.960029939328034,18.28033330706939
2023-11-09,7.809610120403759,-23.686200201699492,-26.87780721819994,19.71694686737858
2023-11-10,7.426596707216066,-24.18207706174168,-27.06057074495989,19.814969859172038
2023-11-11,6.379106523908502,-24.46509858394517,-27.046653574448452,19.251028281485663
2023-11-12,6.21371723704722,-23.33505933547428,-25.83788879694617,18.794002257875473
2023-11-13,5.177096220996711,-25.328453135257014,-27.042145026114692,18.167794874536888
2023-11-14,5.41065908938095,-27.821729116061455,-26.839996287302416,17.10814703935118
2023-11-15,6.9490761405255075,-26.27539234963455,-26.26930844550897,14.812472409802346
2023-11-16,6.933492587875614,-24.677465136847225,-27.340080314001163,14.855326134849454
2023-11-17,6.873012270867185,-23.478811099592743,-26.92348430562651,16.205934870538357
2023-11-18,6.446252500945245,-23.049686275143987,-26.73530740346252,16.194617270780416
2023-11-19,5.945927764532762,-23.876572302476273,-27.79210775038452,17.18319752779669
2023-11-20,6.341822210513438,-23.851918241594696,-28.44089481138104,17.70317611880329
2023-11-21,6.111027844991077,-23.59490137830622,-30.205872504109742,17.802269234410634
2023-11-22,5.083269686966978,-22.06231872974485,-31.402366191928255,18.039345842932722
2023-11-23,6.410719736752921,-21.457730247411096,-32.73230788222407,18.84323010608076
2023-11-24,6.925052448322775,-21.80131702204322,-32.91675166691377,18.396370073914355
2023-11-25,8.572003420856326,-21.29529199516247,-33.070591392383044,17.992878689891995
2023-11-26,8.170568467100795,-21.127824673942683,-33.22189515022489,17.696068129184816
2023-11-27,7.324396437065696,-19.937766582274836,-34.23231062170706,17.760040204275786
2023-11-28,7.3301150731750875,-18.149785764674498,-36.081309124345495,18.67856261732231
2023-11-29,7.132496241977118,-17.831766794527447,-35.573996616856896,18.62170604033407
2023-11-30,7.500921052344282,-15.332187599577026,-35.82522667796802,17.205325380862952
2023-12-01,7.059789322569534,-14.892788079354023,-35.219245362352986,17.915767826271928
2023-12-02,6.842185369568227,-15.11077177775469,-34.873807270270845,17.418255577047148
2023-12-03,6.0949077558336535,-14.411515036044104,-35.28908258515536,16.875248010646597
2023-12-04,4.659952487248611,-14.612802595920162,-35.382066092311845,16.394003713421608
2023-12-05,5.259061805700749,-14.812305866657583,-32.60642355025095,13.838353693080032
2023-12-06,5.662093310841442,-17.01674898250848,-32.23700961077422,13.745543978923708
2023-12-07,5.381159602700301,-15.830377098494214,-32.81868943409789,15.549224781587007
2023-12-08,4.226767651709828,-15.128660815099513,-32.33385816573867,15.80153241409755
2023-12-09,4.194658209566315,-15.439953899365298,-33.02374745622168,16.48944947830473
2023-12-10,5.982526423561798,-15.67017327339076,-34.72791218311457,16.004765085680045
2023-12-11,5.521438974281307,-15.84342688517202,-34.33968370426935,14.439676665849923
2023-12-12,6.266978196643686,-16.389491148709045,-34.56235462440078,13.17870920285621
2023-12-13,6.533551372464736,-17.098966972795047,-33.695990175528976,11.497440889760181
2023-12-14,8.439557665014553,-16.135477752857234,-34.68921152722296,11.120328478376386
2023-12-15,6.736820941580725,-16.42856840585685,-34.802888357539295,9.973357210637968
2023-12-16,6.216261133162041,-16.728476266595152,-34.844192133523244,9.085361895266114
2023-12-17,6.316813385851557,-16.012328389993154,-34.75817483663862,9.213385215056045
2023-12-18,5.705638856987892,-13.880737143205675,-34.68755908973367,9.866545866488
2023-12-19,5.517314203289347,-15.21878468249922,-34.26736890562306,11.306562639575697
2023-12-20,4.8495673223176885,-14.965115201580364,-33.71482220393156,11.084787722557962
2023-12-21,3.829066666430996,-13.957961231221134,-33.82760810590024,11.546183526392582
2023-12-22,4.572385705522119,-12.123447220764378,-33.273288471841305,11.45758586603616
2023-12-23,4.040252372356731,-12.313242555061967,-33.61578101962587,11.481812369539963
2023-12-24,3.776650197944317,-12.04194514513894,-32.923756638830284,12.195958874844305
2023-12-25,4.578995491824212,-11.286364902618867,-34.30437778945438,12.822446169240393
2023-12-26,3.5918330122630833,-11.106369579364378,-34.280840227270076,13.420566991215416
2023-12-27,2.6344549531977117,-11.790705226334625,-34.39138891568073,13.194116766110355
2023-12-28,1.6813147376018895,-12.140642844532444,-35.94569404866491,13.615295888452113
2023-12-29,3.2031683566194236,-12.83189884726212,-35.844314625569865,12.938031521992311
2023-12-30,3.221579692251503,-12.747268713186896,-35.888513270589485,11.970069318968326
2023-12-31,2.7898355702174555,-12.433453548286126,-35.24675074718877,11.749564467837118
2024-01-01,3.015728592311118,-12.738007041793962,-35.183766659031306,12.419136447437637
2024-01-02,2.2094535391485874,-14.006026707554833,-36.441532410664436,15.316755729763493
2024-01-03,2.48948388501478,-14.254585385915892,-37.812007089523945,15.08522571095979
2024-01-04,1.6928908661859712,-15.922923331063457,-37.049153529366116,14.974493842116164
2024-01-05,1.545357137453616,-15.103260628757868,-36.24680139468998,15.576302260029358
2024-01-06,0.7818880787060747,-15.104165854750853,-35.44982952369501,15.056816740637922
2024-01-07,-0.2572808584173554,-16.49527757585255,-35.21355157400799,14.442485995743638
2024-01-08,-0.5336113273968375,-15.571788728081941,-36.13776402235173,15.156279613709678
2024-01-09,-0.022709122532227788,-15.66479607081849,-35.04634358961036,14.626622448685909
2024-01-10,0.16077829032928692,-15.08921847798212,-35.274814331222345,15.4173577746361
2024-01-11,2.269977588573011,-15.044608654878921,-34.90477873169176,14.789056082372015
2024-01-12,1.6635818158557751,-15.996257406652507,-34.428613750266116,14.141472810649834
2024-01-13,1.0642335263424927,-14.265812719265737,-35.41201439515933,12.922323095772464
2024-01-14,1.9038931969562323,-11.577115185966909,-37.13283572318455,13.90325924894693
2024-01-15,2.6279541876679837,-9.738447701944208,-36.61215901165192,13.721252559252019
2024-01-16,0.5064865247014896,-7.991279693027828,-35.63012112571059,12.41940558706778
2024-01-17,1.8452601482871724,-7.4339061465216405,-36.435949554510245,12.609870078757682
2024-01-18,2.140310823124993,-5.71325019100653,-37.7775289321624,11.12350416602536
2024-01-19,2.92836465762716,-4.400710429649907,-37.02421693140641,11.587466337732604
2024-01-20,4.413670962240705,-4.694155073428125,-36.514228839237454,10.299739614649756
2024-01-21,5.11292618222655,-4.238442589917142,-36.45787024354884,11.67097577293976
2024-01-22,4.751093277132418,-3.96886311613201,-36.36379232851217,11.090743713252598
2024-01-23,6.047349110583841,-2.261108898441999,-37.86333664678668,9.517040196694458
2024-01-24,6.330124674029364,-2.9507973646939796,-37.51243990405396,10.364896430756048
2024-01-25,6.203395419636706,-3.2296753723884346,-37.28709568919251,11.193440439826293
2024-01-26,6.45984741314137,-2.6293672308963,-39.279029160742304,12.139872323387861
2024-01-27,6.506253782524344,-2.0832013137422214,-39.284967989924745,13.257173587221642
2024-01-28,6.372093016207066,-1.7997930258333004,-39.8368951795152,13.080797139338161
2024-01-29,5.221720285781426,-2.149090754235022,-40.66062226636447,13.033445930962051
2024-01-30,5.588563355079064,-1.8252570309846115,-38.438001574413676,12.607480430311943
2024-01-31,5.265307249645876,1.2788233687313801,-39.71558358883785,11.515739855470724
2024-02-01,6.7009864304538995,2.159531838146063,-39.620946843410266,10.888506585559144
2024-02-02,8.076331900914395,2.23129355305013,-38.91494644079381,10.67421211011309
2024-02-03,5.5173079230612325,2.648774102335152,-39.473972087493706,13.995324767487228
2024-02-04,5.89141742070589,0.09179135455205456,-38.10560200223303,13.815761070109055
2024-02-05,5.049716143790842,-0.10018523554603201,-37.81612886194951,12.85482594295371
2024-02-06,3.649741270029585,-0.024402028688307334,-36.607008681401936,13.41162012087254
2024-02-07,4.021743186569017,-0.5346058590454567,-37.32965823827085,11.039340753518257
2024-02-08,4.5725119850711256,-0.7587911667780972,-37.87817794739874,11.667695191763356
2024-02-09,3.140126769633595,-1.0152037636016915,-38.44720086768863,10.357023040059289
2024-02-10,2.371829453909978,-1.5376229711286165,-37.140786300121064,10.692311697381431
2024-02-11,2.9269494239061213,-2.1408277715142967,-35.74252976907397,12.017495155310371
2024-02-12,2.651782611609832,-2.2239394926228204,-34.67290687343794,12.404803978616748
2024-02-13,3.0513835149007718,-1.4721921066703243,-32.988345573767084,12.948747853367902
2024-02-14,2.7123089190277536,-0.8844666655588029,-32.24652790544299,14.144443418404196
2024-02-15,1.8538310197760632,0.564703146507048,-33.041444997280074,11.869479855567587
2024-02-16,1.5719378525925407,-0.36185738025513015,-33.5208889855386,12.7307229081863
2024-02-17,1.8429414117642653,-0.47352873475386525,-32.536027276247644,9.876592678174259
2024-02-18,1.7200122780310694,0.19191007079350997,-31.494961445287494,10.41561327308985
2024-02-19,2.2647753193967173,-0.15860732571185437,-32.40627648795148,11.347221665089684
2024-02-20,1.6166342328856418,-1.3538920457537185,-32.301152996028364,11.487590831173698
2024-02-21,1.6227094685060206,0.2509539404641401,-32.672603317697664,11.18460463523104
2024-02-22,1.9162329619552376,1.2210764229583306,-32.10487354793215,11.296735213160186
2024-02-23,3.2268093681816667,1.6793954784810676,-32.31322746579235,10.619375354603706
2024-02-24,4.480434929736891,4.196365301559798,-34.42466433929578,11.39054190324557
2024-02-25,4.184441242975318,2.4432567015655886,-34.90296334778789,12.46848206126486
2024-02-26,5.081155301911355,4.081126402150362,-36.783876473918596,11.891778630705632
2024-02-27,4.502283405129809,3.8675541927493136,-36.074183821129466,11.001359041367552
2024-02-28,6.71137122021749,1.8344306308977676,-37.471142919219275,12.081908433213867
2024-02-29,5.683286410043806,1.6759353545293583,-37.17874263807049,10.658783696587202
2024-03-01,5.449381126707424,2.1921429513849335,-35.387351041539326,11.677633828656843
2024-03-02,4.335403709931625,3.052784228464038,-34.01437414735638,12.092011515886169
2024-03-03,5.557883798353567,2.288736673071904,-33.07687565107101,10.914776918389842
2024-03-04,4.663656562937625,1.4399271572394052,-32.907095872523534,9.808499089514726
2024-03-05,5.302568533142902,2.111556429582612,-33.12524053063299,11.918266389838463
2024-03-06,5.110821684648985,2.745020914176394,-34.181710890594864,12.071878636093915
2024-03-07,6.179633083649254,2.6423507094966485,-33.67126740923299,12.20592270682969
2024-03-08,4.083106046992497,2.194842571314874,-34.339726831239815,13.44611068322179
2024-03-09,3.7275155980044574,3.24188336991109,-34.36120044047846,13.717105609702303
2024-03-10,4.9487109834689225,4.099100736140824,-33.97706017987345,13.826938029468616
2024-03-11,5.403331792063681,3.5369007284674074,-34.968315876132344,11.269745209467983
2024-03-12,5.447992397714235,3.464618949319442,-35.131033853553106,14.02117061366635
2024-03-13,7.520255208254973,2.8005033392381624,-35.51129127049438,13.977449912648716
2024-03-14,9.81280035095038,3.0359683195310967,-36.40916497758107,15.156161868795996
2024-03-15,8.909673067720876,1.9643819563793312,-36.41920955880538,14.195414840970997
2024-03-16,8.705666216434764,1.0648605798359831,-35.52594164549299,13.875476294516723
2024-03-17,9.295363240123585,0.2908992038173276,-35.7184832989775,13.96902987811917
2024-03-18,8.665354769511056,-0.9060772660769406,-35.95508612106004,13.768814040407989
2024-03-19,9.475178001293205,-1.360640930161697,-35.60462873350883,14.767709563134424
2024-03-20,9.672996611723555,-2.3162464682387793,-35.53573363324453,12.49702094121584
2024-03-21,9.520291671151444,-3.177034038868016,-35.23907324113167,11.179408540171737
2024-03-22,8.982551952729384,-4.09814750487394,-35.721100626378515,11.921551206877252
2024-03-23,9.257341867785149,-3.180270026112075,-34.024099923339456,11.49506634459403
2024-03-24,9.044740637450934,-2.87190781812178,-35.46264590457476,12.178611165544407
2024-03-25,7.53293809851493,-2.90243437394104,-35.09319305316051,12.69843124892572
2024-03-26,6.650316910154988,-2.0101398982024175,-35.57719692260446,13.777639518385453
2024-03-27,6.455401236596061,-2.701515199692538,-33.793180806334945,14.544948133193792
2024-03-28,7.047728347393288,-3.539798222582744,-33.21891628946047,13.4032710355255
2024-03-29,7.414807080256746,-3.07905443739141,-33.71443880354225,12.761456844102039
2024-03-30,8.345163109456276,-4.311824991776385,-33.012448671746135,11.11436133064695
2024-03-31,8.88936647025645,-3.3313689480457533,-35.380442605941795,11.824437937631798
2024-04-01,9.773209186937754,-3.8267621798797773,-36.20732001138295,13.489532272255312
2024-04-02,9.829991183206676,-5.0539903299473306,-37.32357759317645,14.030061029007063
2024-04-03,9.135456395508461,-5.427622845130092,-40.566335989595586,15.275128285618917
2024-04-04,9.327443300889655,-4.310790531369706,-39.02026618145171,15.531302276959245
2024-04-05,9.386852691629882,-4.212424809874051,-40.983237794873034,15.606007096443573
2024-04-06,8.42745899818793,-4.361507682970592,-41.00704798592998,13.650339034124025
2024-04-07,9.723265205579274,-3.335202627151151,-41.58399765803218,13.340570506645296
2024-04-08,11.457224560334842,-2.1655588199756455,-43.1112462667839,14.148301515298623
2024-04-09,13.105402791710924,-2.218403112723521,-42.28132798670166,12.8983855016928
2024-04-10,13.74357157088496,-0.9578920759671699,-42.199929414746094,12.940618953259992
2024-04-11,12.560817943892086,0.6684397867060785,-42.42967221609872,11.530125828373933
2024-04-12,12.537260254274184,0.5948931161098117,-42.179794645518314,10.281091671074904
2024-04-13,13.092422488897009,0.6541158045347845,-41.892541232839164,11.071927352067739
2024-04-14,12.350321897427387,0.5162819614208413,-42.3135603847005,10.656108914371213
2024-04-15,11.55125447977921,0.5519874673424131,-41.456125920708594,10.987679383920945
2024-04-16,9.662584315260503,0.046281157646811844,-40.868778412813974,11.605510792818752
2024-04-17,10.733842642775127,-0.8961403832078699,-41.777389278282236,11.83358380314322
2024-04-18,11.254413980551913,-0.9792355413011005,-41.341823532649556,11.749540645444863
2024-04-19,8.302330477669528,-0.8356232660012518,-42.39321657055848,9.766386373696715
2024-04-20,6.462262862556964,-1.0869566560615962,-41.0829115842363,11.430548126545183
2024-04-21,7.228426728172846,-1.2184553790730985,-41.962395846251816,11.328818052602704
2024-04-22,5.974051321308875,-1.7592163477778457,-40.470078576337826,11.099926168841419
2024-04-23,7.299564751267202,-3.810866100152751,-40.74171070890982,12.235147080773675
2024-04-24,6.2555828145515004,-3.2436445346773017,-40.25552214743824,11.644542952011786
2024-04-25,5.838838614236614,-3.845907089378226,-41.4106153409021,12.98453854680324
2024-04-26,5.917577003165645,-4.357622617958038,-40.25936542756566,11.264720485577183
2024-04-27,7.642321450268819,-2.6688621699026607,-41.68914080666922,9.242943020630088
2024-04-28,7.888967422437902,-2.229389968835296,-41.7366461792927,11.624439439890327
2024-04-29,8.085434938985534,-2.360047554124234,-41.119692861932705,11.203068012942648
2024-04-30,6.5537622184593465,-3.783677237256721,-40.575704416369945,11.40851449434363
2024-05-01,5.726115044640451,-4.399037978944804,-39.76839887719142,12.800679264508462
2024-05-02,5.131465083912158,-3.7801494012397368,-40.65344185876273,12.659205771480217
2024-05-03,6.145408867233044,-4.792996218744882,-40.5292020589572,12.356184210687024
2024-05-04,7.103293151799703,-4.105482107057703,-38.670020473217015,11.665193136449089
2024-05-05,6.581445750675851,-3.2483131042495823,-39.05845936062625,10.92002076638085
2024-05-06,5.1637704673695195,-4.432711610761333,-37.987278898638785,11.664115502653125
2024-05-07,5.398696171890336,-4.438235430574023,-39.776377509246274,10.809559051902244
2024-05-08,5.944113720204934,-4.501375286418626,-40.30102320373658,10.514107971832216
2024-05-09,4.95669196576759,-4.865911559326746,-41.07074554610586,11.244765095772571
2024-05-10,5.064804456282861,-5.168481855680673,-41.780029683327065,12.397425601644137
2024-05-11,4.356886225954513,-5.537995302775146,-41.318363631697494,11.30226092114905
2024-05-12,2.8790302523916638,-6.011205435599236,-42.292219093161165,10.963016374619627
2024-05-13,3.758900975316873,-5.9971077740411225,-41.85489890007445,11.920755061684861
2024-05-14,4.0944922991908275,-5.811430736799108,-41.62944269633177,12.265918716543455
2024-05-15,2.7208648081126374,-5.257420984445825,-43.13701425595582,10.873384687492115
2024-05-16,2.895908665219451,-3.9990776497604896,-43.39797909828786,12.26574894082649
2024-05-17,4.401563847259075,-3.9656702107319193,-44.090276467531076,12.392040985754264
2024-05-18,3.647499463725323,-3.8614803112238776,-44.687288458265954,11.447513853795108
2024-05-19,3.5189988031802946,-4.720151958790946,-46.213853814952614,11.076543020000946
2024-05-20,3.5377165287364742,-4.223474832850312,-45.159309086543544,12.38498472125055
2024-05-21,4.092138535549144,-5.853808304338223,-44.48520725366338,12.977485591568165
2024-05-22,3.5179806989109537,-8.67939844595626,-43.850962405363255,13.152723967101327
2024-05-23,2.7913195369458705,-9.139074163168237,-44.59223894539653,14.523392187162981
2024-05-24,3.2155769467267383,-7.048362001495125,-44.54760096832919,16.159037364098083
2024-05-25,3.2433561960662542,-6.410383366766525,-43.974448514398304,16.272283816977403
2024-05-26,4.161548703902225,-6.582110976216028,-42.522651931306896,15.08615666164129
2024-05-27,4.808891664933229,-4.510326844209034,-42.51022813796108,17.419305516030903
2024-05-28,4.271935401847889,-5.904198424996321,-42.021378057987,18.607773300457307
2024-05-29,5.722947401691481,-4.364340281976279,-43.04603477386595,17.834329073204437
2024-05-30,5.089846348562921,-3.046800427442923,-41.17159478804671,18.199719345095343
2024-05-31,6.0536846589178195,-2.538129498068813,-42.63523349631595,20.51517889557977
2024-06-01,6.4609309081842605,-3.3533762159297598,-43.92009170341862,19.184998903513435
2024-06-02,6.124989898383165,-5.093193352504112,-43.82297083154402,19.280622289661526
2024-06-03,6.246230217668982,-4.22418276537765,-44.28486347198064,20.622613043329864
2024-06-04,7.146487149178743,-4.6831585028896106,-45.4767939698768,18.999337337085016
2024-06-05,5.457679612622681,-5.404763065171005,-43.29830537284415,19.17291422279383
2024-06-06,2.6035023871413077,-5.329572369763656,-43.36425301643161,20.963075911535167
2024-06-07,1.3777565098630085,-4.399506189834995,-43.84591963339163,21.108951938433407
2024-06-08,2.222943498160253,-3.1513441590645446,-42.95710597996775,22.511751403355934
2024-06-09,1.619272377000898,-4.942634548706586,-42.06807086473205,24.90154054613431
2024-06-10,3.2103186465202143,-3.2928932511195925,-43.40570755431426,26.760734387303554
2024-06-11,1.5952146848878241,-4.6464168882479155,-44.29489769174058,28.446460938776074
2024-06-12,1.2963795087301886,-7.743595376532319,-43.8287292735848,29.230483732564608
2024-06-13,0.03195727662596548,-8.117014706443353,-45.35399195395677,31.038505494699134
2024-06-14,0.04615182419868093,-8.957852163693921,-45.82347284901257,30.373035025346912
2024-06-15,-1.0218286118857953,-9.11597776751651,-44.962319646535256,29.878512299501033
2024-06-16,-1.7863694411255526,-8.489270540308295,-45.75750017882648,31.027913067124373
2024-06-17,-2.7361412831716443,-9.123871137252232,-45.524128090016404,31.986706383378337
2024-06-18,-3.416821949890391,-8.660036270095379,-45.63648847704325,30.645990947168738
2024-06-19,-3.8915997369927657,-6.676121856730039,-44.105982969800436,31.19964192642414
2024-06-20,-3.5806684679128242,-6.832572112557222,-45.00176407097906,32.360193970125856
2024-06-21,-4.4935889376099345,-7.753761225732891,-45.51854621366499,32.87130863500841
2024-06-22,-4.720063494814852,-7.237411279985227,-46.72797928230109,33.3807398926672
2024-06-23,-5.434654543224052,-5.9313047294064996,-47.17317593837201,33.24771398322624
2024-06-24,-4.496059741768539,-3.778908356329987,-47.650514216919056,32.92295368768019
2024-06-25,-6.338339245526317,-3.98424360554666,-48.26819861843951,33.23299442950722
2024-06-26,-4.763907303523388,-4.666592526320907,-48.758190239023456,32.77452521049839
2024-06-27,-5.432364730091988,-5.482479054968145,-48.93934208968583,32.22608312945468
2024-06-28,-4.4541299711920965,-5.564058874047974,-48.5213926760079,30.972162318418
2024-06-29,-3.288613609588144,-5.91199260444998,-47.94888481643847,31.74425858026742
2024-06-30,-3.8579210068166416,-6.005305918204188,-46.67238951200495,31.906915135816984
2024-07-01,-4.109111700130983,-5.472798177034295,-49.09441208128746,32.29901789794567
2024-07-02,-4.632598805717833,-4.945667884528572,-50.92357286927319,34.18350582546113
2024-07-03,-5.008971403814688,-4.893502158239972,-50.06560040293624,32.65514762854891
2024-07-04,-4.963764124375976,-5.398126753445631,-49.9667459600385,31.53428152752026
2024-07-05,-4.04284440346173,-5.711443312380836,-50.02368087592838,32.74998487806532
2024-07-06,-4.023237173589503,-6.432137601721119,-51.10581130641266,32.18817016385454
2024-07-07,-6.140201733500696,-7.338643596220666,-49.79608196522863,33.71201177582794
2024-07-08,-5.623967269679868,-7.134428472334192,-51.779300361617516,35.03611812791381
2024-07-09,-5.684015229017822,-6.9830972062810845,-53.814971345394795,36.824173053763914
2024-07-10,-4.31763748530919,-8.213501367204536,-52.9371232194883,36.56001592827465
2024-07-11,-3.2765692260881805,-8.056726992641309,-53.76169139435635,35.362599703643475
2024-07-12,-2.9178178588292574,-7.377786105528549,-54.14466582481344,35.17982151229586
2024-07-13,-2.8540061822835954,-7.263941578393049,-56.46929975886499,36.13870417687089
2024-07-14,-1.3569851701342535,-6.03093379763017,-58.30776738599014,37.30394635434908
2024-07-15,-2.2186460259583076,-6.7247682434825204,-58.82185825822133,37.57305661998586
2024-07-16,-0.9248932876299278,-4.296988406654133,-58.046017858139464,36.72696838427181
2024-07-17,-1.5323743885903887,-5.279970587411931,-59.45901740854186,36.87047843806189
2024-07-18,-0.1417063345354026,-6.8875263684615415,-58.413490477426485,36.037007065079685
2024-07-19,-0.31384276263481015,-6.751772411527272,-57.46868585181676,37.11129460922467
2024-07-20,-0.2818545104978595,-5.8483049993706935,-55.99039902134515,36.550405999206006
2024-07-21,-0.40203713069270525,-4.293898928326075,-56.25545745952889,36.68841487816252
2024-07-22,-1.9193318450931003,-5.694265350553781,-57.34004844773907,36.29923328788751
2024-07-23,-2.835885841476089,-6.510620092514713,-55.59549167434973,37.424813294180375
2024-07-24,-3.1734471036288125,-6.686258230998626,-55.52246599723232,37.50368801014764
2024-07-25,-2.18246639341582,-6.183530322308606,-57.297097695494706,37.534999883083934
2024-07-26,-3.100968688156398,-5.648306653043548,-56.405534760345006,37.32849208434784
2024-07-27,-4.43074320855062,-5.418344434163532,-56.742808365521725,36.822062977449626
2024-07-28,-2.766414827896102,-5.196036004289796,-55.75499962143945,36.13177175042991
2024-07-29,-2.7108243152017364,-6.206475790375444,-56.577700821847564,35.48197685714735
2024-07-30,-1.7224933339385071,-5.781875822859656,-57.11992998548385,36.40029266195652
2024-07-31,-2.316696437598969,-5.75857669095441,-57.777156429098824,35.21846620524187
2024-08-01,-3.2251517428518097,-7.106306308871791,-56.762342636950606,35.704944092082684
2024-08-02,-3.7676954468188715,-7.68822075321347,-56.87076414545667,33.02762435149327
2024-08-03,-4.8262222601948865,-6.87893761921854,-57.44473957347781,32.74587887859269
2024-08-04,-5.804610990869571,-7.868158453243084,-58.14247905741199,32.946840374433265
2024-08-05,-4.886853537301463,-8.352333503319798,-57.083140466370494,33.48911117820372
2024-08-06,-4.34538256514893,-8.485028320729553,-57.06599436685731,33.117087580496104
2024-08-07,-4.384804543145557,-9.848060000355169,-55.919144167164525,34.514119045491114
2024-08-08,-3.40134518834508,-9.198521710491292,-56.75063406922206,35.54581411897253
2024-08-09,-3.788354452415926,-9.106016495210165,-57.02865584405978,33.86036574385291
2024-08-10,-3.943067445602523,-9.774394079365818,-56.778140869195965,34.389004685273584
2024-08-11,-3.6629982720616012,-11.103638422732836,-58.30059622168278,34.641540903293155
2024-08-12,-3.756052944246304,-12.715133079561891,-60.211515028110355,34.55810065651263
2024-08-13,-1.3027185576811808,-13.862244814289514,-60.37244547958399,34.2704116325714
2024-08-14,-3.6360508003536074,-12.589160191341461,-60.68524493819616,33.86209245737872
2024-08-15,-3.209792672398243,-10.907949977325668,-60.35927500369808,32.932888731330564
2024-08-16,-2.068101303311173,-11.33186518424011,-60.38544301607958,31.696674764300514
2024-08-17,-2.3765840456223217,-12.762874229230308,-59.82548165823108,31.81833116621541
2024-08-18,-1.1429839386792784,-12.951335463484249,-62.14941959404735,31.781867256077817
2024-08-19,-1.40485501445524,-12.76803208784901,-61.883715563142495,32.45227034541843
2024-08-20,-3.7845959683822104,-12.45624429161531,-60.18649944223649,31.105489003052906
2024-08-21,-3.4802147880897314,-11.502014811067095,-57.84289014711908,31.809122726670505
2024-08-22,-2.122228319345118,-11.819807117169468,-56.656550914065114,33.47419066906292
2024-08-23,-0.5192367915625091,-12.009309702295438,-56.07003095125021,32.48207681073181
2024-08-24,-0.2948653267242093,-9.702440880698031,-56.710694018441956,32.38218745457926
2024-08-25,-2.2000825318373205,-10.726720587075505,-55.615941539223805,32.77732584893992
2024-08-26,-1.913710996068152,-10.774933816434316,-55.96975787824485,32.293556100621075
2024-08-27,-0.9651325566906636,-10.0457337212587,-55.72178871478101,31.55119706892452
2024-08-28,0.619049034119343,-8.43562282158437,-54.96970858318997,32.28504838938159
2024-08-29,0.9814571772417607,-8.647199107519153,-55.7109983877016,31.280757478249072
2024-08-30,-0.8026802317850611,-7.92637114297718,-56.828195987551034,30.909677871621188
2024-08-31,-0.26240115235330164,-8.188266461547904,-56.452134530592225,31.363957835233638
2024-09-01,-0.39188955711257856,-9.292544051473664,-57.24828894238566,31.430741802010967
2024-09-02,0.023872194455741236,-11.875255467287527,-59.56562162663577,32.06246297495045
2024-09-03,0.35492407603132914,-11.470787753169617,-59.30963051456363,32.18231440661933
2024-09-04,1.0228319419938714,-13.821158201264865,-58.694471982295525,32.96676720102371
2024-09-05,1.4332861252628502,-12.888838697497457,-57.28273437701271,31.7724455478785
2024-09-06,0.9768583777122444,-12.74470382300828,-57.650236020278044,33.16372175678084
2024-09-07,1.8453314776323022,-12.63935794656999,-59.188426371611044,32.6747975423913
2024-09-08,2.040881224785751,-14.17416291832891,-59.39751988959865,32.576326942147254
2024-09-09,1.5761375312298944,-14.756969165655471,-59.82218498441992,30.185754807434183
2024-09-10,2.4647358808859123,-13.706066068424844,-58.281176001215215,31.08579059892924
2024-09-11,2.213819873866677,-13.420332072283001,-58.183021290802444,30.318352568550267
2024-09-12,1.7667081014136383,-13.309608175909103,-58.91482233393758,29.343619328501745
2024-09-13,1.1495704971660046,-14.417364460635874,-59.657423468123085,29.92560117866353
2024-09-14,1.2820853225423454,-14.388458905132103,-59.08961116181602,30.16362848518358
2024-09-15,1.763362841320574,-14.77429316093823,-59.06134962208566,30.93057404963811
2024-09-16,2.857394584945986,-14.491667517605428,-58.05819262601287,29.42519785478464
2024-09-17,2.2918949901172043,-15.406686049649107,-58.13629712308268,29.424041924886428
2024-09-18,2.127569956329975,-15.317677577505663,-58.86176661163458,28.53365669304993
2024-09-19,1.3626131549477383,-15.102950040432388,-60.18300330930452,30.30928536736411
2024-09-20,2.7767498546579916,-15.88526582063085,-60.504764210909585,28.66925583280309
2024-09-21,2.9015112201018454,-16.97498974756085,-60.66932509711492,28.605194351959923
2024-09-22,4.382596296483031,-16.516348225780533,-60.514301170030095,29.207146641676676
2024-09-23,4.4970906419872785,-13.559787990549182,-61.82977286618165,29.64283384105019
2024-09-24,5.608437713350184,-13.364169317110772,-63.066167712967214,29.591800270342116
2024-09-25,5.787184283964621,-12.5122258241981,-62.52698366117891,30.274558342920937
2024-09-26,5.617239897952741,-13.456862909145569,-61.33726430438389,30.65911552020826
